Train_Accuracy,Train_Precision,Train_Recall,Train_F1,Train_MCC,Train_Specificity,Train_ROC_AUC,Test_Accuracy,Test_Precision,Test_Recall,Test_F1,Test_MCC,Test_Specificity,Test_ROC_AUC
0.9251101321585903,0.9249154100412682,0.9242847378185723,0.92458176985616,0.8491999136703458,0.9346938775510204,0.9793184259349672,0.8245614035087719,0.8283248081841432,0.8185483870967742,0.8210361067503926,0.6467993138243626,0.8870967741935484,0.9032258064516129
